"","X","SNP","effect_allele.exposure","other_allele.exposure","effect_allele.outcome","other_allele.outcome","beta.exposure","beta.outcome","eaf.exposure","eaf.outcome","remove","palindromic","ambiguous","id.outcome","pval.outcome","se.outcome","outcome","mr_keep.outcome","pval_origin.outcome","se.exposure","pval.exposure","exposure","mr_keep.exposure","pval_origin.exposure","id.exposure","data_source.exposure","action","mr_keep","samplesize.outcome"
"1",2618,"rs10219264","A","G","A","G",0.7898,-0.2675,0.01169,NA,FALSE,FALSE,FALSE,"3Wab9K",0.4413,0.3474,"outcome",TRUE,"reported",0.1568,6.04e-07,"miR-6800-5p",TRUE,"reported","xfOtXR","textfile",2,TRUE,NA
"2",2619,"rs10807777","T","C","G","G",0.4664,-0.2627,0.03022,NA,TRUE,FALSE,FALSE,"3Wab9K",0.2067,0.2081,"outcome",TRUE,"reported",0.09858,2.72e-06,"miR-6800-5p",TRUE,"reported","xfOtXR","textfile",2,FALSE,NA
"3",2620,"rs10852218","C","T","C","T",0.2159,-0.0482,0.1669,NA,FALSE,FALSE,FALSE,"3Wab9K",0.6725,0.1139,"outcome",TRUE,"reported",0.04765,6.99e-06,"miR-6800-5p",TRUE,"reported","xfOtXR","textfile",2,TRUE,NA
"4",2621,"rs112295759","G","A","C","C",0.6845,-0.1912,0.02168,NA,TRUE,FALSE,FALSE,"3Wab9K",0.5196,0.297,"outcome",TRUE,"reported",0.1095,7.21e-10,"miR-6800-5p",TRUE,"reported","xfOtXR","textfile",2,FALSE,NA
"5",2622,"rs112974703","T","G","T","G",0.6403,0.0162,0.01333,NA,FALSE,FALSE,FALSE,"3Wab9K",0.9625,0.3444,"outcome",TRUE,"reported",0.1429,8.83e-06,"miR-6800-5p",TRUE,"reported","xfOtXR","textfile",2,TRUE,NA
"6",2623,"rs114115736","C","A","G","G",0.6774,0.1553,0.01242,NA,TRUE,FALSE,FALSE,"3Wab9K",0.5875,0.2862,"outcome",TRUE,"reported",0.1413,2e-06,"miR-6800-5p",TRUE,"reported","xfOtXR","textfile",2,FALSE,NA
"7",2624,"rs114587461","C","T","G","G",0.6494,0.4419,0.01472,NA,TRUE,FALSE,FALSE,"3Wab9K",0.07907,0.2516,"outcome",TRUE,"reported",0.1352,1.92e-06,"miR-6800-5p",TRUE,"reported","xfOtXR","textfile",2,FALSE,NA
"8",2625,"rs114796327","G","A","C","C",0.6852,0.4678,0.01176,NA,TRUE,FALSE,FALSE,"3Wab9K",0.1527,0.3271,"outcome",TRUE,"reported",0.148,4.39e-06,"miR-6800-5p",TRUE,"reported","xfOtXR","textfile",2,FALSE,NA
"9",2626,"rs115113675","T","C","T","C",0.5667,-0.3968,0.02231,NA,FALSE,FALSE,FALSE,"3Wab9K",0.1352,0.2656,"outcome",TRUE,"reported",0.1097,3.15e-07,"miR-6800-5p",TRUE,"reported","xfOtXR","textfile",2,TRUE,NA
"10",2627,"rs115450710","C","T","G","G",0.7691,0.493,0.01117,NA,TRUE,FALSE,FALSE,"3Wab9K",0.1463,0.3393,"outcome",TRUE,"reported",0.1682,5.77e-06,"miR-6800-5p",TRUE,"reported","xfOtXR","textfile",2,FALSE,NA
"11",2628,"rs115579576","T","A","T","T",0.517,0.4043,0.02618,NA,TRUE,TRUE,TRUE,"3Wab9K",0.1963,0.3129,"outcome",TRUE,"reported",0.1107,3.63e-06,"miR-6800-5p",TRUE,"reported","xfOtXR","textfile",2,FALSE,NA
"12",2629,"rs11590288","C","A","G","G",0.2527,-0.1572,0.09766,NA,TRUE,FALSE,FALSE,"3Wab9K",0.344,0.1661,"outcome",TRUE,"reported",0.05524,5.68e-06,"miR-6800-5p",TRUE,"reported","xfOtXR","textfile",2,FALSE,NA
"13",2630,"rs116367100","G","A","C","C",0.8037,0.0786,0.01213,NA,TRUE,FALSE,FALSE,"3Wab9K",0.8204,0.3462,"outcome",TRUE,"reported",0.1566,3.72e-07,"miR-6800-5p",TRUE,"reported","xfOtXR","textfile",2,FALSE,NA
"14",2631,"rs116859239","A","G","A","G",0.5789,0.0347,0.01852,NA,FALSE,FALSE,FALSE,"3Wab9K",0.9245,0.3662,"outcome",TRUE,"reported",0.1231,3.12e-06,"miR-6800-5p",TRUE,"reported","xfOtXR","textfile",2,TRUE,NA
"15",2632,"rs116991297","A","G","A","G",0.4316,-0.1941,0.034,NA,FALSE,FALSE,FALSE,"3Wab9K",0.3592,0.2117,"outcome",TRUE,"reported",0.0966,9.28e-06,"miR-6800-5p",TRUE,"reported","xfOtXR","textfile",2,TRUE,NA
"16",2633,"rs118022621","A","G","A","G",0.39,-0.3228,0.04265,NA,FALSE,FALSE,FALSE,"3Wab9K",0.05378,0.1674,"outcome",TRUE,"reported",0.07895,9.85e-07,"miR-6800-5p",TRUE,"reported","xfOtXR","textfile",2,TRUE,NA
"17",2634,"rs118110813","C","T","G","G",0.6394,0.4576,0.01592,NA,TRUE,FALSE,FALSE,"3Wab9K",0.08104,0.2623,"outcome",TRUE,"reported",0.1374,3.93e-06,"miR-6800-5p",TRUE,"reported","xfOtXR","textfile",2,FALSE,NA
"18",2635,"rs12312642","A","T","A","T",0.6953,-0.3243,0.01507,NA,FALSE,TRUE,TRUE,"3Wab9K",0.3492,0.3464,"outcome",TRUE,"reported",0.1535,6.99e-06,"miR-6800-5p",TRUE,"reported","xfOtXR","textfile",2,FALSE,NA
"19",2636,"rs12411261","T","C","T","C",0.4174,0.0765,0.03755,NA,FALSE,FALSE,FALSE,"3Wab9K",0.7483,0.2385,"outcome",TRUE,"reported",0.09061,4.89e-06,"miR-6800-5p",TRUE,"reported","xfOtXR","textfile",2,TRUE,NA
"20",2637,"rs12444207","A","G","A","G",0.7835,0.0802,0.01513,NA,FALSE,FALSE,FALSE,"3Wab9K",0.7992,0.3152,"outcome",TRUE,"reported",0.137,1.61e-08,"miR-6800-5p",TRUE,"reported","xfOtXR","textfile",2,TRUE,NA
"21",2638,"rs13190226","G","A","C","C",0.1562,0.0503,0.3948,NA,TRUE,FALSE,FALSE,"3Wab9K",0.585,0.0921,"outcome",TRUE,"reported",0.03323,3.1e-06,"miR-6800-5p",TRUE,"reported","xfOtXR","textfile",2,FALSE,NA
"22",2639,"rs13427090","C","T","G","G",0.6642,0.1204,0.02246,NA,TRUE,FALSE,FALSE,"3Wab9K",0.7264,0.3439,"outcome",TRUE,"reported",0.1305,4.62e-07,"miR-6800-5p",TRUE,"reported","xfOtXR","textfile",2,FALSE,NA
"23",2640,"rs142002001","G","T","C","C",0.6599,0.1526,0.01556,NA,TRUE,FALSE,FALSE,"3Wab9K",0.6055,0.2954,"outcome",TRUE,"reported",0.1396,2.76e-06,"miR-6800-5p",TRUE,"reported","xfOtXR","textfile",2,FALSE,NA
"24",2641,"rs142262063","G","A","C","C",0.5798,0.2563,0.02137,NA,TRUE,FALSE,FALSE,"3Wab9K",0.3225,0.2591,"outcome",TRUE,"reported",0.1148,5.69e-07,"miR-6800-5p",TRUE,"reported","xfOtXR","textfile",2,FALSE,NA
"25",2642,"rs143416403","T","C","T","C",0.5937,-0.8504,0.01554,NA,FALSE,FALSE,FALSE,"3Wab9K",0.002272,0.2786,"outcome",TRUE,"reported",0.13,5.88e-06,"miR-6800-5p",TRUE,"reported","xfOtXR","textfile",2,TRUE,NA
"26",2643,"rs144293091","C","T","G","G",0.6649,-0.1845,0.01781,NA,TRUE,FALSE,FALSE,"3Wab9K",0.5824,0.3355,"outcome",TRUE,"reported",0.1276,2.51e-07,"miR-6800-5p",TRUE,"reported","xfOtXR","textfile",2,FALSE,NA
"27",2644,"rs147812506","G","A","C","C",0.7508,-0.1209,0.01333,NA,TRUE,FALSE,FALSE,"3Wab9K",0.7714,0.4161,"outcome",TRUE,"reported",0.1487,5.72e-07,"miR-6800-5p",TRUE,"reported","xfOtXR","textfile",2,FALSE,NA
"28",2645,"rs148910728","A","G","A","G",0.6048,0.3897,0.02148,NA,FALSE,FALSE,FALSE,"3Wab9K",0.2394,0.3312,"outcome",TRUE,"reported",0.1279,2.77e-06,"miR-6800-5p",TRUE,"reported","xfOtXR","textfile",2,TRUE,NA
"29",2646,"rs148972952","T","G","T","G",0.5898,-0.1277,0.01798,NA,FALSE,FALSE,FALSE,"3Wab9K",0.541,0.2089,"outcome",TRUE,"reported",0.1274,4.44e-06,"miR-6800-5p",TRUE,"reported","xfOtXR","textfile",2,TRUE,NA
"30",2647,"rs150686823","C","T","G","G",0.7301,-0.0876,0.02581,NA,TRUE,FALSE,FALSE,"3Wab9K",0.7788,0.3118,"outcome",TRUE,"reported",0.1115,1.15e-10,"miR-6800-5p",TRUE,"reported","xfOtXR","textfile",2,FALSE,NA
"31",2648,"rs16869094","A","G","A","G",0.4655,-0.4054,0.03704,NA,FALSE,FALSE,FALSE,"3Wab9K",0.02793,0.1844,"outcome",TRUE,"reported",0.09076,3.8e-07,"miR-6800-5p",TRUE,"reported","xfOtXR","textfile",2,TRUE,NA
"32",2649,"rs16883519","C","G","C","G",0.8613,-0.4138,0.01509,NA,FALSE,TRUE,TRUE,"3Wab9K",0.1113,0.2599,"outcome",TRUE,"reported",0.1575,6.38e-08,"miR-6800-5p",TRUE,"reported","xfOtXR","textfile",2,FALSE,NA
"33",2650,"rs17095370","T","C","T","C",0.8254,-0.8784,0.01495,NA,FALSE,FALSE,FALSE,"3Wab9K",0.008487,0.3337,"outcome",TRUE,"reported",0.1673,1.02e-06,"miR-6800-5p",TRUE,"reported","xfOtXR","textfile",2,TRUE,NA
"34",2651,"rs17151755","T","C","T","C",0.6644,-0.3503,0.0272,NA,FALSE,FALSE,FALSE,"3Wab9K",0.1954,0.2705,"outcome",TRUE,"reported",0.1111,3.57e-09,"miR-6800-5p",TRUE,"reported","xfOtXR","textfile",2,TRUE,NA
"35",2652,"rs17682900","C","T","G","G",0.9388,0.4249,0.01057,NA,TRUE,FALSE,FALSE,"3Wab9K",0.1983,0.3303,"outcome",TRUE,"reported",0.1661,2.33e-08,"miR-6800-5p",TRUE,"reported","xfOtXR","textfile",2,FALSE,NA
"36",2653,"rs17770811","C","T","G","G",0.687,0.2583,0.01325,NA,TRUE,FALSE,FALSE,"3Wab9K",0.3318,0.2662,"outcome",TRUE,"reported",0.145,2.64e-06,"miR-6800-5p",TRUE,"reported","xfOtXR","textfile",2,FALSE,NA
"37",2654,"rs1893715","C","G","C","G",0.2985,0.1833,0.08654,NA,FALSE,TRUE,TRUE,"3Wab9K",0.2929,0.1742,"outcome",TRUE,"reported",0.0658,6.76e-06,"miR-6800-5p",TRUE,"reported","xfOtXR","textfile",2,FALSE,NA
"38",2655,"rs190348302","T","C","T","C",0.6726,-0.4102,0.01299,NA,FALSE,FALSE,FALSE,"3Wab9K",0.1711,0.2997,"outcome",TRUE,"reported",0.1486,7.09e-06,"miR-6800-5p",TRUE,"reported","xfOtXR","textfile",2,TRUE,NA
"39",2656,"rs190903887","T","C","T","C",0.7452,-0.2376,0.01226,NA,FALSE,FALSE,FALSE,"3Wab9K",0.4392,0.3072,"outcome",TRUE,"reported",0.1484,6.54e-07,"miR-6800-5p",TRUE,"reported","xfOtXR","textfile",2,TRUE,NA
"40",2657,"rs292373","G","A","C","C",0.4022,0.057,0.04806,NA,TRUE,FALSE,FALSE,"3Wab9K",0.7485,0.1779,"outcome",TRUE,"reported",0.0865,4.01e-06,"miR-6800-5p",TRUE,"reported","xfOtXR","textfile",2,FALSE,NA
"41",2658,"rs34219574","A","T","A","T",0.6369,0.1454,0.02013,NA,FALSE,TRUE,TRUE,"3Wab9K",0.6716,0.343,"outcome",TRUE,"reported",0.1262,5.72e-07,"miR-6800-5p",TRUE,"reported","xfOtXR","textfile",2,FALSE,NA
"42",2659,"rs3777226","G","A","C","C",0.764,0.5528,0.01746,NA,TRUE,FALSE,FALSE,"3Wab9K",0.1383,0.3729,"outcome",TRUE,"reported",0.141,8.35e-08,"miR-6800-5p",TRUE,"reported","xfOtXR","textfile",2,FALSE,NA
"43",2660,"rs4146770","T","C","G","G",0.1959,-0.0354,0.1961,NA,TRUE,FALSE,FALSE,"3Wab9K",0.7543,0.1131,"outcome",TRUE,"reported",0.04315,6.62e-06,"miR-6800-5p",TRUE,"reported","xfOtXR","textfile",2,FALSE,NA
"44",2661,"rs4791383","T","C","G","G",0.6215,-0.3764,0.01783,NA,TRUE,FALSE,FALSE,"3Wab9K",0.07144,0.2088,"outcome",TRUE,"reported",0.1275,1.36e-06,"miR-6800-5p",TRUE,"reported","xfOtXR","textfile",2,FALSE,NA
"45",2662,"rs55970262","T","G","T","G",0.5578,0.065,0.02346,NA,FALSE,FALSE,FALSE,"3Wab9K",0.7909,0.2451,"outcome",TRUE,"reported",0.121,4.87e-06,"miR-6800-5p",TRUE,"reported","xfOtXR","textfile",2,TRUE,NA
"46",2663,"rs56045390","G","T","C","C",1.15,0.2673,0.01129,NA,TRUE,FALSE,FALSE,"3Wab9K",0.2657,0.2402,"outcome",TRUE,"reported",0.1455,1.09e-14,"miR-6800-5p",TRUE,"reported","xfOtXR","textfile",2,FALSE,NA
"47",2664,"rs56165881","G","C","G","G",0.5957,-0.0265,0.0218,NA,TRUE,TRUE,TRUE,"3Wab9K",0.9097,0.2334,"outcome",TRUE,"reported",0.1163,3.98e-07,"miR-6800-5p",TRUE,"reported","xfOtXR","textfile",2,FALSE,NA
"48",2665,"rs60628186","C","T","G","G",0.6184,-0.2496,0.0166,NA,TRUE,FALSE,FALSE,"3Wab9K",0.4643,0.3411,"outcome",TRUE,"reported",0.1325,3.67e-06,"miR-6800-5p",TRUE,"reported","xfOtXR","textfile",2,FALSE,NA
"49",2666,"rs62265110","A","G","A","G",0.5116,-0.1619,0.02121,NA,FALSE,FALSE,FALSE,"3Wab9K",0.6204,0.3268,"outcome",TRUE,"reported",0.1142,8.68e-06,"miR-6800-5p",TRUE,"reported","xfOtXR","textfile",2,TRUE,NA
"50",2667,"rs685554","T","C","G","G",0.7786,-0.0401,0.01348,NA,TRUE,FALSE,FALSE,"3Wab9K",0.9253,0.4279,"outcome",TRUE,"reported",0.1661,3.31e-06,"miR-6800-5p",TRUE,"reported","xfOtXR","textfile",2,FALSE,NA
"51",2668,"rs6960251","C","T","G","G",0.8927,0.5283,0.01178,NA,TRUE,FALSE,FALSE,"3Wab9K",0.09183,0.3134,"outcome",TRUE,"reported",0.1795,8.4e-07,"miR-6800-5p",TRUE,"reported","xfOtXR","textfile",2,FALSE,NA
"52",2669,"rs73156659","T","C","T","C",0.3809,0.1255,0.03816,NA,FALSE,FALSE,FALSE,"3Wab9K",0.6004,0.2396,"outcome",TRUE,"reported",0.08545,9.65e-06,"miR-6800-5p",TRUE,"reported","xfOtXR","textfile",2,TRUE,NA
"53",2670,"rs73227336","C","T","G","G",0.4411,-0.1909,0.0504,NA,TRUE,FALSE,FALSE,"3Wab9K",0.3803,0.2176,"outcome",TRUE,"reported",0.07781,2.14e-08,"miR-6800-5p",TRUE,"reported","xfOtXR","textfile",2,FALSE,NA
"54",2671,"rs76055546","C","T","G","G",0.7172,0.1482,0.01105,NA,TRUE,FALSE,FALSE,"3Wab9K",0.6146,0.2943,"outcome",TRUE,"reported",0.148,1.55e-06,"miR-6800-5p",TRUE,"reported","xfOtXR","textfile",2,FALSE,NA
"55",2672,"rs76116557","G","A","C","C",0.43,0.1677,0.03821,NA,TRUE,FALSE,FALSE,"3Wab9K",0.4593,0.2266,"outcome",TRUE,"reported",0.0882,1.35e-06,"miR-6800-5p",TRUE,"reported","xfOtXR","textfile",2,FALSE,NA
"56",2673,"rs76253836","A","G","A","G",0.2422,0.2023,0.1133,NA,FALSE,FALSE,FALSE,"3Wab9K",0.1752,0.1493,"outcome",TRUE,"reported",0.05358,7.28e-06,"miR-6800-5p",TRUE,"reported","xfOtXR","textfile",2,TRUE,NA
"57",2674,"rs7655407","G","A","C","C",0.1842,-0.0384,0.2556,NA,TRUE,FALSE,FALSE,"3Wab9K",0.7024,0.1004,"outcome",TRUE,"reported",0.04062,6.86e-06,"miR-6800-5p",TRUE,"reported","xfOtXR","textfile",2,FALSE,NA
"58",2675,"rs76774144","C","T","G","G",0.5969,-0.0547,0.02288,NA,TRUE,FALSE,FALSE,"3Wab9K",0.8612,0.313,"outcome",TRUE,"reported",0.1179,5.32e-07,"miR-6800-5p",TRUE,"reported","xfOtXR","textfile",2,FALSE,NA
"59",2676,"rs76780983","T","G","T","G",0.7049,-0.7229,0.01335,NA,FALSE,FALSE,FALSE,"3Wab9K",0.006146,0.2638,"outcome",TRUE,"reported",0.1466,1.87e-06,"miR-6800-5p",TRUE,"reported","xfOtXR","textfile",2,TRUE,NA
"60",2677,"rs7752827","G","T","C","C",0.4053,0.1,0.05491,NA,TRUE,FALSE,FALSE,"3Wab9K",0.5698,0.176,"outcome",TRUE,"reported",0.07682,1.78e-07,"miR-6800-5p",TRUE,"reported","xfOtXR","textfile",2,FALSE,NA
"61",2678,"rs77556943","A","T","A","T",0.8068,0.0652,0.01104,NA,FALSE,TRUE,TRUE,"3Wab9K",0.8662,0.3867,"outcome",TRUE,"reported",0.1463,4.91e-08,"miR-6800-5p",TRUE,"reported","xfOtXR","textfile",2,FALSE,NA
"62",2679,"rs77670391","G","C","G","G",0.5661,-0.1003,0.02911,NA,TRUE,TRUE,TRUE,"3Wab9K",0.7096,0.2694,"outcome",TRUE,"reported",0.1134,7.56e-07,"miR-6800-5p",TRUE,"reported","xfOtXR","textfile",2,FALSE,NA
"63",2680,"rs78057154","G","C","G","G",0.628,0.1661,0.0154,NA,TRUE,TRUE,TRUE,"3Wab9K",0.5665,0.2898,"outcome",TRUE,"reported",0.1363,4.88e-06,"miR-6800-5p",TRUE,"reported","xfOtXR","textfile",2,FALSE,NA
"64",2681,"rs78227285","T","C","T","C",0.7577,-0.2417,0.01749,NA,FALSE,FALSE,FALSE,"3Wab9K",0.4038,0.2895,"outcome",TRUE,"reported",0.135,2.89e-08,"miR-6800-5p",TRUE,"reported","xfOtXR","textfile",2,TRUE,NA
"65",2682,"rs78329149","G","A","C","C",0.4982,0.6811,0.03108,NA,TRUE,FALSE,FALSE,"3Wab9K",0.000278,0.1874,"outcome",TRUE,"reported",0.1084,5.17e-06,"miR-6800-5p",TRUE,"reported","xfOtXR","textfile",2,FALSE,NA
"66",2683,"rs78712350","T","C","T","C",0.7821,-0.2304,0.01385,NA,FALSE,FALSE,FALSE,"3Wab9K",0.309,0.2265,"outcome",TRUE,"reported",0.1455,1.06e-07,"miR-6800-5p",TRUE,"reported","xfOtXR","textfile",2,TRUE,NA
"67",2684,"rs79073122","G","C","G","G",0.6729,0.7324,0.01234,NA,TRUE,TRUE,TRUE,"3Wab9K",0.003322,0.2494,"outcome",TRUE,"reported",0.1477,6.18e-06,"miR-6800-5p",TRUE,"reported","xfOtXR","textfile",2,FALSE,NA
"68",2685,"rs79213007","T","G","T","G",0.6779,0.066,0.01729,NA,FALSE,FALSE,FALSE,"3Wab9K",0.8645,0.3864,"outcome",TRUE,"reported",0.1317,3.41e-07,"miR-6800-5p",TRUE,"reported","xfOtXR","textfile",2,TRUE,NA
"69",2686,"rs80110937","T","C","T","C",0.3234,-0.3409,0.07114,NA,FALSE,FALSE,FALSE,"3Wab9K",0.02173,0.1485,"outcome",TRUE,"reported",0.06834,2.7e-06,"miR-6800-5p",TRUE,"reported","xfOtXR","textfile",2,TRUE,NA
"70",2687,"rs80116285","G","A","C","C",0.6672,0.7915,0.01531,NA,TRUE,FALSE,FALSE,"3Wab9K",0.009196,0.3039,"outcome",TRUE,"reported",0.1268,1.92e-07,"miR-6800-5p",TRUE,"reported","xfOtXR","textfile",2,FALSE,NA
"71",2688,"rs80268891","C","A","G","G",0.8384,0.4375,0.01869,NA,TRUE,FALSE,FALSE,"3Wab9K",0.1819,0.3278,"outcome",TRUE,"reported",0.1355,1.04e-09,"miR-6800-5p",TRUE,"reported","xfOtXR","textfile",2,FALSE,NA
"72",2689,"rs80296107","A","C","A","C",0.5751,-0.0403,0.02056,NA,FALSE,FALSE,FALSE,"3Wab9K",0.8869,0.283,"outcome",TRUE,"reported",0.1167,1.05e-06,"miR-6800-5p",TRUE,"reported","xfOtXR","textfile",2,TRUE,NA
"73",9690,"rs112160490","G","A","C","C",0.7623,0.4528,0.01167,NA,TRUE,FALSE,FALSE,"3Wab9K",0.09118,0.268,"outcome",TRUE,"reported",0.1624,3.24e-06,"miR-205-5p",TRUE,"reported","bc5f86","textfile",2,FALSE,NA
"74",9691,"rs112554344","G","A","C","C",0.2961,0.0346,0.07781,NA,TRUE,FALSE,FALSE,"3Wab9K",0.8417,0.1731,"outcome",TRUE,"reported",0.0634,3.62e-06,"miR-205-5p",TRUE,"reported","bc5f86","textfile",2,FALSE,NA
"75",9692,"rs115540717","G","A","C","C",0.5052,-0.0322,0.02576,NA,TRUE,FALSE,FALSE,"3Wab9K",0.9163,0.3063,"outcome",TRUE,"reported",0.111,6.34e-06,"miR-205-5p",TRUE,"reported","bc5f86","textfile",2,FALSE,NA
"76",9693,"rs115954480","A","C","A","C",0.6472,-0.0476,0.01403,NA,FALSE,FALSE,FALSE,"3Wab9K",0.8904,0.3456,"outcome",TRUE,"reported",0.1453,9.83e-06,"miR-205-5p",TRUE,"reported","bc5f86","textfile",2,TRUE,NA
"77",9694,"rs115965490","A","C","A","C",0.7045,-0.3819,0.01486,NA,FALSE,FALSE,FALSE,"3Wab9K",0.1256,0.2494,"outcome",TRUE,"reported",0.1569,8.35e-06,"miR-205-5p",TRUE,"reported","bc5f86","textfile",2,TRUE,NA
"78",9695,"rs117159383","C","T","G","G",0.6667,-0.1109,0.01369,NA,TRUE,FALSE,FALSE,"3Wab9K",0.7911,0.4187,"outcome",TRUE,"reported",0.148,7.78e-06,"miR-205-5p",TRUE,"reported","bc5f86","textfile",2,FALSE,NA
"79",9696,"rs11755993","T","C","T","C",0.9145,-0.261,0.0118,NA,FALSE,FALSE,FALSE,"3Wab9K",0.4352,0.3344,"outcome",TRUE,"reported",0.1569,8.68e-09,"miR-205-5p",TRUE,"reported","bc5f86","textfile",2,TRUE,NA
"80",9697,"rs11763942","A","T","A","T",0.195,0.0699,0.2006,NA,FALSE,TRUE,TRUE,"3Wab9K",0.5561,0.1188,"outcome",TRUE,"reported",0.04373,9.65e-06,"miR-205-5p",TRUE,"reported","bc5f86","textfile",2,FALSE,NA
"81",9698,"rs1224657","C","T","C","T",0.4372,-0.1711,0.04139,NA,FALSE,FALSE,FALSE,"3Wab9K",0.3447,0.1811,"outcome",TRUE,"reported",0.09,1.48e-06,"miR-205-5p",TRUE,"reported","bc5f86","textfile",2,TRUE,NA
"82",9699,"rs12280820","A","G","A","G",0.7751,-0.6068,0.01691,NA,FALSE,FALSE,FALSE,"3Wab9K",0.03712,0.2911,"outcome",TRUE,"reported",0.1534,5.61e-07,"miR-205-5p",TRUE,"reported","bc5f86","textfile",2,TRUE,NA
"83",9700,"rs1376546","G","A","G","A",0.2659,0.0049,0.1248,NA,FALSE,FALSE,FALSE,"3Wab9K",0.9738,0.1484,"outcome",TRUE,"reported",0.05602,2.52e-06,"miR-205-5p",TRUE,"reported","bc5f86","textfile",2,TRUE,NA
"84",9701,"rs140627870","T","C","T","C",0.7432,-0.217,0.01515,NA,FALSE,FALSE,FALSE,"3Wab9K",0.5642,0.3762,"outcome",TRUE,"reported",0.1416,2.05e-07,"miR-205-5p",TRUE,"reported","bc5f86","textfile",2,TRUE,NA
"85",9702,"rs141769370","A","G","A","G",0.5971,-0.2098,0.01636,NA,FALSE,FALSE,FALSE,"3Wab9K",0.3835,0.2407,"outcome",TRUE,"reported",0.1336,9.22e-06,"miR-205-5p",TRUE,"reported","bc5f86","textfile",2,TRUE,NA
"86",9703,"rs141803577","C","G","C","G",0.7305,0.3692,0.0163,NA,FALSE,TRUE,TRUE,"3Wab9K",0.3348,0.3828,"outcome",TRUE,"reported",0.1384,1.77e-07,"miR-205-5p",TRUE,"reported","bc5f86","textfile",2,FALSE,NA
"87",9704,"rs143757551","C","T","G","G",0.7539,-0.0574,0.01575,NA,TRUE,FALSE,FALSE,"3Wab9K",0.9106,0.5115,"outcome",TRUE,"reported",0.1359,4.19e-08,"miR-205-5p",TRUE,"reported","bc5f86","textfile",2,FALSE,NA
"88",9705,"rs145565470","G","A","C","C",0.7848,0.5165,0.01108,NA,TRUE,FALSE,FALSE,"3Wab9K",0.04718,0.2602,"outcome",TRUE,"reported",0.1628,1.76e-06,"miR-205-5p",TRUE,"reported","bc5f86","textfile",2,FALSE,NA
"89",9706,"rs146318229","C","T","G","G",0.6615,0.2245,0.01684,NA,TRUE,FALSE,FALSE,"3Wab9K",0.627,0.462,"outcome",TRUE,"reported",0.1385,2.17e-06,"miR-205-5p",TRUE,"reported","bc5f86","textfile",2,FALSE,NA
"90",9707,"rs149351355","A","C","A","C",0.7207,-0.318,0.01432,NA,FALSE,FALSE,FALSE,"3Wab9K",0.352,0.3417,"outcome",TRUE,"reported",0.1615,9.48e-06,"miR-205-5p",TRUE,"reported","bc5f86","textfile",2,TRUE,NA
"91",9708,"rs17396710","T","C","T","C",0.2563,0.036,0.1009,NA,FALSE,FALSE,FALSE,"3Wab9K",0.8141,0.153,"outcome",TRUE,"reported",0.05624,6.13e-06,"miR-205-5p",TRUE,"reported","bc5f86","textfile",2,TRUE,NA
"92",9709,"rs28564021","C","T","G","G",0.7975,0.5,0.01258,NA,TRUE,FALSE,FALSE,"3Wab9K",0.1003,0.3043,"outcome",TRUE,"reported",0.1774,8.2e-06,"miR-205-5p",TRUE,"reported","bc5f86","textfile",2,FALSE,NA
"93",9710,"rs36073311","G","A","C","C",0.5205,-0.0927,0.02294,NA,TRUE,FALSE,FALSE,"3Wab9K",0.752,0.2934,"outcome",TRUE,"reported",0.1103,2.89e-06,"miR-205-5p",TRUE,"reported","bc5f86","textfile",2,FALSE,NA
"94",9711,"rs6049699","C","T","C","T",0.1637,-0.0395,0.3188,NA,FALSE,FALSE,FALSE,"3Wab9K",0.6802,0.0958,"outcome",TRUE,"reported",0.03554,4.87e-06,"miR-205-5p",TRUE,"reported","bc5f86","textfile",2,TRUE,NA
"95",9712,"rs62129768","G","A","C","C",0.2095,0.0118,0.2836,NA,TRUE,FALSE,FALSE,"3Wab9K",0.9061,0.0998,"outcome",TRUE,"reported",0.03714,2.45e-08,"miR-205-5p",TRUE,"reported","bc5f86","textfile",2,FALSE,NA
"96",9713,"rs62376901","G","C","G","G",0.7529,0.0164,0.0111,NA,TRUE,TRUE,TRUE,"3Wab9K",0.954,0.2843,"outcome",TRUE,"reported",0.1629,4.55e-06,"miR-205-5p",TRUE,"reported","bc5f86","textfile",2,FALSE,NA
"97",9714,"rs637207","G","A","G","A",0.783,-0.6948,0.01365,NA,FALSE,FALSE,FALSE,"3Wab9K",0.03418,0.328,"outcome",TRUE,"reported",0.1591,1.08e-06,"miR-205-5p",TRUE,"reported","bc5f86","textfile",2,TRUE,NA
"98",9715,"rs6459620","T","G","C","C",0.2018,0.0406,0.1892,NA,TRUE,FALSE,FALSE,"3Wab9K",0.7319,0.1186,"outcome",TRUE,"reported",0.04243,2.41e-06,"miR-205-5p",TRUE,"reported","bc5f86","textfile",2,FALSE,NA
"99",9716,"rs72777926","G","T","C","C",0.8044,0.6067,0.009855,NA,TRUE,FALSE,FALSE,"3Wab9K",0.02994,0.2795,"outcome",TRUE,"reported",0.1729,3.95e-06,"miR-205-5p",TRUE,"reported","bc5f86","textfile",2,FALSE,NA
"100",9717,"rs73025416","T","C","T","C",0.6003,-0.091,0.0201,NA,FALSE,FALSE,FALSE,"3Wab9K",0.7813,0.3279,"outcome",TRUE,"reported",0.1339,8.62e-06,"miR-205-5p",TRUE,"reported","bc5f86","textfile",2,TRUE,NA
"101",9718,"rs73178830","G","A","C","C",0.6756,-0.4707,0.01403,NA,TRUE,FALSE,FALSE,"3Wab9K",0.3558,0.5097,"outcome",TRUE,"reported",0.1442,3.38e-06,"miR-205-5p",TRUE,"reported","bc5f86","textfile",2,FALSE,NA
"102",9719,"rs76010849","G","A","C","C",0.8105,0.7945,0.01414,NA,TRUE,FALSE,FALSE,"3Wab9K",0.004984,0.2829,"outcome",TRUE,"reported",0.1443,2.84e-08,"miR-205-5p",TRUE,"reported","bc5f86","textfile",2,FALSE,NA
"103",9720,"rs78703322","T","C","T","C",0.5953,-0.5744,0.02142,NA,FALSE,FALSE,FALSE,"3Wab9K",0.006829,0.2123,"outcome",TRUE,"reported",0.1221,1.37e-06,"miR-205-5p",TRUE,"reported","bc5f86","textfile",2,TRUE,NA
"104",9721,"rs7949972","C","T","G","G",0.1699,-0.0373,0.4032,NA,TRUE,FALSE,FALSE,"3Wab9K",0.6808,0.0906,"outcome",TRUE,"reported",0.03476,1.26e-06,"miR-205-5p",TRUE,"reported","bc5f86","textfile",2,FALSE,NA
"105",9722,"rs79555857","C","T","G","G",0.5959,0.3031,0.02387,NA,TRUE,FALSE,FALSE,"3Wab9K",0.2971,0.2907,"outcome",TRUE,"reported",0.114,2.3e-07,"miR-205-5p",TRUE,"reported","bc5f86","textfile",2,FALSE,NA
"106",9723,"rs79683041","T","A","T","T",0.5319,-0.1841,0.02174,NA,TRUE,TRUE,TRUE,"3Wab9K",0.5577,0.314,"outcome",TRUE,"reported",0.1135,3.38e-06,"miR-205-5p",TRUE,"reported","bc5f86","textfile",2,FALSE,NA
"107",9724,"rs8133109","G","A","C","C",0.5193,0.075,0.02546,NA,TRUE,FALSE,FALSE,"3Wab9K",0.7392,0.2252,"outcome",TRUE,"reported",0.104,7.62e-07,"miR-205-5p",TRUE,"reported","bc5f86","textfile",2,FALSE,NA
